--
-- PostgreSQL database dump
--

-- Dumped from database version 10.6 (Ubuntu 10.6-0ubuntu0.18.04.1)
-- Dumped by pg_dump version 10.6 (Ubuntu 10.6-0ubuntu0.18.04.1)

SET statement_timeout = 0;
SET lock_timeout = 0;
SET idle_in_transaction_session_timeout = 0;
SET client_encoding = 'UTF8';
SET standard_conforming_strings = on;
SELECT pg_catalog.set_config('search_path', '', false);
SET check_function_bodies = false;
SET client_min_messages = warning;
SET row_security = off;

--
-- Data for Name: auth_group; Type: TABLE DATA; Schema: public; Owner: postgres
--

COPY public.auth_group (id, name) FROM stdin;
\.


--
-- Data for Name: django_content_type; Type: TABLE DATA; Schema: public; Owner: postgres
--

COPY public.django_content_type (id, app_label, model) FROM stdin;
1	admin	logentry
2	auth	permission
3	auth	group
4	contenttypes	contenttype
5	sessions	session
6	authtoken	token
7	users	maderauser
8	users	client
9	users	salesperson
10	quotes	quote
\.


--
-- Data for Name: auth_permission; Type: TABLE DATA; Schema: public; Owner: postgres
--

COPY public.auth_permission (id, name, content_type_id, codename) FROM stdin;
1	Can add log entry	1	add_logentry
2	Can change log entry	1	change_logentry
3	Can delete log entry	1	delete_logentry
4	Can view log entry	1	view_logentry
5	Can add permission	2	add_permission
6	Can change permission	2	change_permission
7	Can delete permission	2	delete_permission
8	Can view permission	2	view_permission
9	Can add group	3	add_group
10	Can change group	3	change_group
11	Can delete group	3	delete_group
12	Can view group	3	view_group
13	Can add content type	4	add_contenttype
14	Can change content type	4	change_contenttype
15	Can delete content type	4	delete_contenttype
16	Can view content type	4	view_contenttype
17	Can add session	5	add_session
18	Can change session	5	change_session
19	Can delete session	5	delete_session
20	Can view session	5	view_session
21	Can add Token	6	add_token
22	Can change Token	6	change_token
23	Can delete Token	6	delete_token
24	Can view Token	6	view_token
25	Can add user	7	add_maderauser
26	Can change user	7	change_maderauser
27	Can delete user	7	delete_maderauser
28	Can view user	7	view_maderauser
29	Can add client	8	add_client
30	Can change client	8	change_client
31	Can delete client	8	delete_client
32	Can view client	8	view_client
33	Can add sales person	9	add_salesperson
34	Can change sales person	9	change_salesperson
35	Can delete sales person	9	delete_salesperson
36	Can view sales person	9	view_salesperson
37	Can add quote	10	add_quote
38	Can change quote	10	change_quote
39	Can delete quote	10	delete_quote
40	Can view quote	10	view_quote
\.


--
-- Data for Name: auth_group_permissions; Type: TABLE DATA; Schema: public; Owner: postgres
--

COPY public.auth_group_permissions (id, group_id, permission_id) FROM stdin;
\.


--
-- Data for Name: users_maderauser; Type: TABLE DATA; Schema: public; Owner: postgres
--

COPY public.users_maderauser (id, password, last_login, is_superuser, email, first_name, last_name, location, date_joined, is_active, is_staff) FROM stdin;
1	pbkdf2_sha256$120000$wJRlrzbCmGhV$yJJPqSXUzJ3/8mWpjvKdi82CL4xbziAXSYlcOtpHEUE=	\N	t	staff@madera.com	iron	man		2019-02-05 22:13:36.10343+01	t	f
\.


--
-- Data for Name: authtoken_token; Type: TABLE DATA; Schema: public; Owner: postgres
--

COPY public.authtoken_token (key, created, user_id) FROM stdin;
\.


--
-- Data for Name: django_admin_log; Type: TABLE DATA; Schema: public; Owner: postgres
--

COPY public.django_admin_log (id, action_time, object_id, object_repr, action_flag, change_message, content_type_id, user_id) FROM stdin;
\.


--
-- Data for Name: django_migrations; Type: TABLE DATA; Schema: public; Owner: postgres
--

COPY public.django_migrations (id, app, name, applied) FROM stdin;
1	contenttypes	0001_initial	2019-02-05 21:43:36.699994+01
2	contenttypes	0002_remove_content_type_name	2019-02-05 21:43:36.708946+01
3	auth	0001_initial	2019-02-05 21:43:36.801645+01
4	auth	0002_alter_permission_name_max_length	2019-02-05 21:43:36.808284+01
5	auth	0003_alter_user_email_max_length	2019-02-05 21:43:36.81419+01
6	auth	0004_alter_user_username_opts	2019-02-05 21:43:36.819817+01
7	auth	0005_alter_user_last_login_null	2019-02-05 21:43:36.825604+01
8	auth	0006_require_contenttypes_0002	2019-02-05 21:43:36.827711+01
9	auth	0007_alter_validators_add_error_messages	2019-02-05 21:43:36.83311+01
10	auth	0008_alter_user_username_max_length	2019-02-05 21:43:36.838425+01
11	auth	0009_alter_user_last_name_max_length	2019-02-05 21:43:36.843928+01
12	users	0001_initial	2019-02-05 21:43:36.969381+01
13	admin	0001_initial	2019-02-05 21:43:37.014771+01
14	admin	0002_logentry_remove_auto_add	2019-02-05 21:43:37.023683+01
15	admin	0003_logentry_add_action_flag_choices	2019-02-05 21:43:37.032036+01
16	authtoken	0001_initial	2019-02-05 21:43:37.06876+01
17	authtoken	0002_auto_20160226_1747	2019-02-05 21:43:37.106147+01
18	quotes	0001_initial	2019-02-05 21:43:37.128847+01
19	quotes	0002_auto_20190203_0954	2019-02-05 21:43:37.170831+01
20	quotes	0003_auto_20190203_1100	2019-02-05 21:43:37.190663+01
21	sessions	0001_initial	2019-02-05 21:43:37.23002+01
22	users	0002_auto_20190127_2132	2019-02-05 21:43:37.239807+01
23	users	0003_maderauser_is_staff	2019-02-05 21:43:37.286967+01
24	users	0004_auto_20190203_2010	2019-02-05 21:43:37.339553+01
25	users	0005_remove_maderauser_username	2019-02-05 21:43:37.350514+01
\.


--
-- Data for Name: django_session; Type: TABLE DATA; Schema: public; Owner: postgres
--

COPY public.django_session (session_key, session_data, expire_date) FROM stdin;
\.


--
-- Data for Name: quotes_quote; Type: TABLE DATA; Schema: public; Owner: postgres
--

COPY public.quotes_quote (id, name, phone, email, price, state, created_at, updated_at) FROM stdin;
1	client_1	0102030405	test@devis.fr	12345.67	brouillon	2019-02-05 22:48:21.320575+01	2019-02-05 22:48:21.320597+01
2	client_2	0504030201	test@devis2.fr	76543.21	archivé	2019-02-05 22:49:15.012798+01	2019-02-05 22:49:15.012822+01
\.


--
-- Data for Name: users_client; Type: TABLE DATA; Schema: public; Owner: postgres
--

COPY public.users_client (maderauser_ptr_id, is_pro) FROM stdin;
\.


--
-- Data for Name: users_maderauser_groups; Type: TABLE DATA; Schema: public; Owner: postgres
--

COPY public.users_maderauser_groups (id, maderauser_id, group_id) FROM stdin;
\.


--
-- Data for Name: users_maderauser_user_permissions; Type: TABLE DATA; Schema: public; Owner: postgres
--

COPY public.users_maderauser_user_permissions (id, maderauser_id, permission_id) FROM stdin;
\.


--
-- Data for Name: users_salesperson; Type: TABLE DATA; Schema: public; Owner: postgres
--

COPY public.users_salesperson (maderauser_ptr_id, workplace) FROM stdin;
\.


--
-- Name: auth_group_id_seq; Type: SEQUENCE SET; Schema: public; Owner: postgres
--

SELECT pg_catalog.setval('public.auth_group_id_seq', 1, false);


--
-- Name: auth_group_permissions_id_seq; Type: SEQUENCE SET; Schema: public; Owner: postgres
--

SELECT pg_catalog.setval('public.auth_group_permissions_id_seq', 1, false);


--
-- Name: auth_permission_id_seq; Type: SEQUENCE SET; Schema: public; Owner: postgres
--

SELECT pg_catalog.setval('public.auth_permission_id_seq', 40, true);


--
-- Name: django_admin_log_id_seq; Type: SEQUENCE SET; Schema: public; Owner: postgres
--

SELECT pg_catalog.setval('public.django_admin_log_id_seq', 1, false);


--
-- Name: django_content_type_id_seq; Type: SEQUENCE SET; Schema: public; Owner: postgres
--

SELECT pg_catalog.setval('public.django_content_type_id_seq', 10, true);


--
-- Name: django_migrations_id_seq; Type: SEQUENCE SET; Schema: public; Owner: postgres
--

SELECT pg_catalog.setval('public.django_migrations_id_seq', 25, true);


--
-- Name: quotes_quote_quote_id_seq; Type: SEQUENCE SET; Schema: public; Owner: postgres
--

SELECT pg_catalog.setval('public.quotes_quote_quote_id_seq', 2, true);


--
-- Name: users_maderauser_groups_id_seq; Type: SEQUENCE SET; Schema: public; Owner: postgres
--

SELECT pg_catalog.setval('public.users_maderauser_groups_id_seq', 1, false);


--
-- Name: users_maderauser_id_seq; Type: SEQUENCE SET; Schema: public; Owner: postgres
--

SELECT pg_catalog.setval('public.users_maderauser_id_seq', 1, true);


--
-- Name: users_maderauser_user_permissions_id_seq; Type: SEQUENCE SET; Schema: public; Owner: postgres
--

SELECT pg_catalog.setval('public.users_maderauser_user_permissions_id_seq', 1, false);


--
-- PostgreSQL database dump complete
--

